categoria,nombre,imagen
Adhesivos,Cinta Transparente Tesa.,https://quindicolor.com/images/productos1/1.png
Adhesivos,Cinta de Enmascarar Norton.,https://quindicolor.com/images/productos1/2.png
Adhesivos,Pegante Bondex K.,https://quindicolor.com/images/productos1/3.png
Adhesivos,Pegante Carpincol MR-60.,https://quindicolor.com/images/productos1/4.png
Adhesivos,Pegante Para Madera Cemento PL 285.,https://quindicolor.com/images/productos1/5.png
Adhesivos,Pegante Para Madera Imperial.,https://quindicolor.com/images/productos1/6.png
Adhesivos,Pega Madera Plus 100.,https://quindicolor.com/images/productos1/7.png
Adhesivos,Pegante Arteplak 800.,https://quindicolor.com/images/productos1/8.png
Adhesivos,Pegante Arteplak 990.,https://quindicolor.com/images/productos1/9.png
Adhesivos,Pegante Madera Adhetex Blanco Quindicolor.,https://quindicolor.com/images/productos1/10.png
Adhesivos,Pegante Madera Adhetex Rosado Quindicolor.,https://quindicolor.com/images/productos1/11.png
Arquitectura,Anticorrosivo Sinteico Quindicolor.,https://quindicolor.com/images/productos2/1.png
Arquitectura,Anticorrosivo Semisintetico Quindicolor.,https://quindicolor.com/images/productos2/2.png
Arquitectura,Esmalte Sintetico Quindicolor.,https://quindicolor.com/images/productos2/3.png
Arquitectura,Esmalte Industrial Quindicolor.,https://quindicolor.com/images/productos2/4.png
Arquitectura,Pintura Trafico Quindicolor.,https://quindicolor.com/images/productos2/5.png
Arquitectura,Sika Techo.,https://quindicolor.com/images/productos2/6.png
Arquitectura,Estuco Acrilico Sika.,https://quindicolor.com/images/productos2/7.png
Arquitectura,Supermastick.,https://quindicolor.com/images/productos2/8.png
Arquitectura,Recubrimiento Industial / Catalizador.,https://quindicolor.com/images/productos2/9.png
Arquitectura,Vinilo Tipo 1 Pintuland.,https://quindicolor.com/images/productos2/10.png
Arquitectura,Vinilo Tipo 2 Pintuland.,https://quindicolor.com/images/productos2/11.png
Arquitectura,Esmalte Sintetico Linea Dorada Pintuland.,https://quindicolor.com/images/productos2/12.png
Arquitectura,Esmalte Sintetico Linea Clasica Pintuland.,https://quindicolor.com/images/productos2/13.png
Arquitectura,Barniz Sintetico Pintuland.,https://quindicolor.com/images/productos2/14.png
Arquitectura,Bio Esmalte.,https://quindicolor.com/images/productos2/15.png
Arquitectura,Bio Anticorrosivo.,https://quindicolor.com/images/productos2/16.png
Arquitectura,Graniplas,https://quindicolor.com/images/productos2/17.png
Automotriz,Base Nitro.,https://quindicolor.com/images/productos3/1.png
Automotriz,poliuretano.,https://quindicolor.com/images/productos3/2.png
Automotriz,Laca Nitro.,https://quindicolor.com/images/productos3/3.png
Automotriz,Masilla Para Lamina Macar.,https://quindicolor.com/images/productos3/4.png
Automotriz,Masilla Continental Macar.,https://quindicolor.com/images/productos3/5.png
Automotriz,Laca Nitro Tonner.,https://quindicolor.com/images/productos3/6.png
Automotriz,Barniz Poliuretano Caralz,https://quindicolor.com/images/productos3/7.png
Automotriz,Endurecedor POP Caralz.,https://quindicolor.com/images/productos3/8.png
Automotriz,Cera Protectora Caralz.,https://quindicolor.com/images/productos3/9.png
Automotriz,Liquido Pulidor Caralz.,https://quindicolor.com/images/productos3/10.png
Automotriz,Balanceador Caralz.,https://quindicolor.com/images/productos3/11.png
Automotriz,Barniz Poliuretano Caralz.,https://quindicolor.com/images/productos3/12.png
Automotriz,Barniz pliuretano MS-100 caralz.,https://quindicolor.com/images/productos3/13.png
Automotriz,Catalizador Masilla Gricoat.,https://quindicolor.com/images/productos3/14.png
Automotriz,Primer PU Gricoat.,https://quindicolor.com/images/productos3/15.png
Automotriz,Barniz poliuretano Gricoat.,https://quindicolor.com/images/productos3/16.png
Automotriz,Poliuretano Blanco Entonador Gricoat.,https://quindicolor.com/images/productos3/17.png
Automotriz,Ajustador 450 PU Gricoat.,https://quindicolor.com/images/productos3/18.png
Automotriz,Catalizador PU DC0010 Gricoat.,https://quindicolor.com/images/productos3/19.png
Automotriz,Catalizadores Gricoat.,https://quindicolor.com/images/productos3/20.png
Automotriz,Poliuretano Ixell,https://quindicolor.com/images/productos3/21.png
Automotriz,Catalizador Ixell,https://quindicolor.com/images/productos3/22.png
Ferreteria,Disco De Corte Carborundum.,https://quindicolor.com/images/productos4/1.png
Ferreteria,Disco Esmeril Carborundum.,https://quindicolor.com/images/productos4/2.png
Ferreteria,Disco De Desbaste Norton.,https://quindicolor.com/images/productos4/3.png
Ferreteria,Lija Seca Carborundum.,https://quindicolor.com/images/productos4/4.png
Ferreteria,Lija De Agua Norton.,https://quindicolor.com/images/productos4/5.png
Ferreteria,Lija De Banda Carborundum.,https://quindicolor.com/images/productos4/6.png
Ferreteria,Lija de Banda Norton,https://quindicolor.com/images/productos4/7.png
Ferreteria,Lija Orbital.,https://quindicolor.com/images/productos4/8.png
Ferreteria,Espatula plastica.,https://quindicolor.com/images/productos4/9.png
Ferreteria,Espatula Goya.,https://quindicolor.com/images/productos4/10.png
Ferreteria,Brocha Goya.,https://quindicolor.com/images/productos4/11.png
Ferreteria,Brocha Goya.,https://quindicolor.com/images/productos4/12.png
Ferreteria,Pistola Thomas 527.,https://quindicolor.com/images/productos4/13.png
Ferreteria,Pistola Thomas W-71G,https://quindicolor.com/images/productos4/14.png
Ferreteria,Pistola Thomas F-75G,https://quindicolor.com/images/productos4/15.png
Ferreteria,Rodillo Goya,https://quindicolor.com/images/productos4/16.png
Ferreteria,Rodillo Antigota Goya,https://quindicolor.com/images/productos4/17.png
Ferreteria,Pinceles.,https://quindicolor.com/images/productos4/18.png
Madera,Barniz Poliuretano Quindicolor.,https://quindicolor.com/images/productos5/1.png
Madera,Base Quindicolor.,https://quindicolor.com/images/productos5/2.png
Madera,Sellador Quindicolor.,https://quindicolor.com/images/productos5/3.png
Madera,Sellador Nitro Quindicolor.,https://quindicolor.com/images/productos5/4.png
Madera,Base Nitro Quindicolor.,https://quindicolor.com/images/productos5/5.png
Madera,Laca Quindicolor.,https://quindicolor.com/images/productos5/6.png
Madera,Removedor De Pintura Quindicolor.,https://quindicolor.com/images/productos5/7.png
Madera,Catalizador Quindicolor.,https://quindicolor.com/images/productos5/8.png
Madera,Tinte Quindicolor.,https://quindicolor.com/images/productos5/9.png
Madera,Bio Barniz Quindicolor.,https://quindicolor.com/images/productos5/10.png
Madera,Aqua Laca Quindicolor.,https://quindicolor.com/images/productos5/11.png
Madera,Aqua Sellado Quindicolor.,https://quindicolor.com/images/productos5/12.png
Madera,Eco Masilla.,https://quindicolor.com/images/productos5/13.png
Madera,Plasti Flex.,https://quindicolor.com/images/productos5/14.png
Madera,Color Plus Profilan.,https://quindicolor.com/images/productos5/15.png
Madera,Tinte Every,https://quindicolor.com/images/productos5/16.png
Madera,Barniz Madetec Pintuco.,https://quindicolor.com/images/productos5/17.png
Madera,Alcohol Universal Quindicolor.,https://quindicolor.com/images/productos5/18.png
Madera,Varsol Quindicolor,https://quindicolor.com/images/productos5/19.png
